[{"model": "admin.logentry", "pk": 1, "fields": {"action_time": "2023-03-06T16:03:53.291Z", "user": 1, "content_type": 13, "object_id": "1", "object_repr": "Test", "action_flag": 1, "change_message": "[{\"added\": {}}]"}}, {"model": "admin.logentry", "pk": 2, "fields": {"action_time": "2023-03-06T16:04:32.512Z", "user": 1, "content_type": 14, "object_id": "1", "object_repr": "Test", "action_flag": 1, "change_message": "[{\"added\": {}}]"}}, {"model": "admin.logentry", "pk": 3, "fields": {"action_time": "2023-03-06T16:04:58.232Z", "user": 1, "content_type": 14, "object_id": "1", "object_repr": "Test", "action_flag": 2, "change_message": "[]"}}, {"model": "admin.logentry", "pk": 4, "fields": {"action_time": "2023-03-06T16:13:44.771Z", "user": 1, "content_type": 14, "object_id": "1", "object_repr": "Test", "action_flag": 3, "change_message": ""}}, {"model": "admin.logentry", "pk": 5, "fields": {"action_time": "2023-03-06T16:13:53.201Z", "user": 1, "content_type": 13, "object_id": "1", "object_repr": "Test", "action_flag": 3, "change_message": ""}}, {"model": "admin.logentry", "pk": 6, "fields": {"action_time": "2023-03-06T20:26:29.929Z", "user": 1, "content_type": 14, "object_id": "1", "object_repr": "Maguro Nigiri Sushi", "action_flag": 2, "change_message": "[{\"changed\": {\"fields\": [\"Image\"]}}]"}}, {"model": "admin.logentry", "pk": 7, "fields": {"action_time": "2023-03-06T20:32:50.918Z", "user": 1, "content_type": 14, "object_id": "1", "object_repr": "Maguro Nigiri Sushi", "action_flag": 2, "change_message": "[{\"changed\": {\"fields\": [\"Users wishlist\"]}}]"}}, {"model": "admin.logentry", "pk": 8, "fields": {"action_time": "2023-03-06T20:34:02.687Z", "user": 1, "content_type": 14, "object_id": "1", "object_repr": "Maguro Nigiri Sushi", "action_flag": 2, "change_message": "[{\"changed\": {\"fields\": [\"Image\"]}}]"}}, {"model": "admin.logentry", "pk": 9, "fields": {"action_time": "2023-03-06T21:53:00.184Z", "user": 1, "content_type": 17, "object_id": "1", "object_repr": "9DDAC08E7F1B4C2DA8FA23980D511A22", "action_flag": 3, "change_message": ""}}, {"model": "admin.logentry", "pk": 10, "fields": {"action_time": "2023-03-08T22:53:49.907Z", "user": 1, "content_type": 14, "object_id": "34", "object_repr": "test", "action_flag": 3, "change_message": ""}}, {"model": "admin.logentry", "pk": 11, "fields": {"action_time": "2023-03-16T19:45:51.852Z", "user": 1, "content_type": 14, "object_id": "1", "object_repr": "Maguro Nigiri Sushi", "action_flag": 2, "change_message": "[{\"changed\": {\"fields\": [\"Image\"]}}]"}}, {"model": "admin.logentry", "pk": 12, "fields": {"action_time": "2023-03-16T19:47:00.913Z", "user": 1, "content_type": 14, "object_id": "2", "object_repr": "Sake Nigiri Sushi", "action_flag": 2, "change_message": "[{\"changed\": {\"fields\": [\"Image\"]}}]"}}, {"model": "admin.logentry", "pk": 13, "fields": {"action_time": "2023-03-16T19:47:57.861Z", "user": 1, "content_type": 14, "object_id": "3", "object_repr": "Suzuki Nigiri Sushi", "action_flag": 2, "change_message": "[{\"changed\": {\"fields\": [\"Users wishlist\"]}}]"}}, {"model": "admin.logentry", "pk": 14, "fields": {"action_time": "2023-03-16T19:48:18.466Z", "user": 1, "content_type": 14, "object_id": "4", "object_repr": "Avocado Nigiri Sushi", "action_flag": 2, "change_message": "[{\"changed\": {\"fields\": [\"Image\"]}}]"}}, {"model": "admin.logentry", "pk": 15, "fields": {"action_time": "2023-03-16T19:48:50.711Z", "user": 1, "content_type": 14, "object_id": "5", "object_repr": "Tuna Maki", "action_flag": 2, "change_message": "[{\"changed\": {\"fields\": [\"Users wishlist\"]}}]"}}, {"model": "admin.logentry", "pk": 16, "fields": {"action_time": "2023-03-16T19:49:14.054Z", "user": 1, "content_type": 14, "object_id": "6", "object_repr": "Salmon Maki", "action_flag": 2, "change_message": "[{\"changed\": {\"fields\": [\"Image\", \"Users wishlist\"]}}]"}}, {"model": "admin.logentry", "pk": 17, "fields": {"action_time": "2023-03-16T19:49:26.552Z", "user": 1, "content_type": 14, "object_id": "7", "object_repr": "Avocado Maki", "action_flag": 2, "change_message": "[{\"changed\": {\"fields\": [\"Image\", \"Users wishlist\"]}}]"}}, {"model": "admin.logentry", "pk": 18, "fields": {"action_time": "2023-03-16T19:49:40.844Z", "user": 1, "content_type": 14, "object_id": "8", "object_repr": "Tamago (Rolled Egg) Maki", "action_flag": 2, "change_message": "[{\"changed\": {\"fields\": [\"Image\", \"Users wishlist\"]}}]"}}, {"model": "admin.logentry", "pk": 19, "fields": {"action_time": "2023-03-16T19:49:55.253Z", "user": 1, "content_type": 14, "object_id": "9", "object_repr": "Cooked Tuna Mayo & Cheese Maki", "action_flag": 2, "change_message": "[{\"changed\": {\"fields\": [\"Image\", \"Users wishlist\"]}}]"}}, {"model": "admin.logentry", "pk": 20, "fields": {"action_time": "2023-03-16T19:50:09.097Z", "user": 1, "content_type": 14, "object_id": "10", "object_repr": "Cooked Salmon Mayo & Avocado Maki", "action_flag": 2, "change_message": "[{\"changed\": {\"fields\": [\"Image\", \"Users wishlist\"]}}]"}}, {"model": "admin.logentry", "pk": 21, "fields": {"action_time": "2023-03-16T19:50:37.022Z", "user": 1, "content_type": 14, "object_id": "11", "object_repr": "Prawn & Avocado Maki", "action_flag": 2, "change_message": "[{\"changed\": {\"fields\": [\"Image\", \"Users wishlist\"]}}]"}}, {"model": "admin.logentry", "pk": 22, "fields": {"action_time": "2023-03-16T19:50:53.333Z", "user": 1, "content_type": 14, "object_id": "12", "object_repr": "Maguro Sashimi", "action_flag": 2, "change_message": "[{\"changed\": {\"fields\": [\"Image\", \"Users wishlist\"]}}]"}}, {"model": "admin.logentry", "pk": 23, "fields": {"action_time": "2023-03-16T19:51:13.073Z", "user": 1, "content_type": 14, "object_id": "13", "object_repr": "Sake Sashimi", "action_flag": 2, "change_message": "[{\"changed\": {\"fields\": [\"Image\", \"Users wishlist\"]}}]"}}, {"model": "admin.logentry", "pk": 24, "fields": {"action_time": "2023-03-16T19:51:28.884Z", "user": 1, "content_type": 14, "object_id": "14", "object_repr": "Shime Saba Sashimi", "action_flag": 2, "change_message": "[{\"changed\": {\"fields\": [\"Image\", \"Users wishlist\"]}}]"}}, {"model": "admin.logentry", "pk": 25, "fields": {"action_time": "2023-03-16T19:51:45.213Z", "user": 1, "content_type": 14, "object_id": "15", "object_repr": "Sashimi Platter", "action_flag": 2, "change_message": "[{\"changed\": {\"fields\": [\"Image\", \"Users wishlist\"]}}]"}}, {"model": "admin.logentry", "pk": 26, "fields": {"action_time": "2023-03-16T19:51:59.872Z", "user": 1, "content_type": 14, "object_id": "16", "object_repr": "California Temaki", "action_flag": 2, "change_message": "[{\"changed\": {\"fields\": [\"Image\", \"Users wishlist\"]}}]"}}, {"model": "admin.logentry", "pk": 27, "fields": {"action_time": "2023-03-16T19:52:13.778Z", "user": 1, "content_type": 14, "object_id": "17", "object_repr": "Tempura Prawn Temaki", "action_flag": 2, "change_message": "[{\"changed\": {\"fields\": [\"Image\", \"Users wishlist\"]}}]"}}, {"model": "admin.logentry", "pk": 28, "fields": {"action_time": "2023-03-16T19:52:28.858Z", "user": 1, "content_type": 14, "object_id": "18", "object_repr": "Salmon Temaki", "action_flag": 2, "change_message": "[{\"changed\": {\"fields\": [\"Image\", \"Users wishlist\"]}}]"}}, {"model": "admin.logentry", "pk": 29, "fields": {"action_time": "2023-03-16T19:52:42.149Z", "user": 1, "content_type": 14, "object_id": "19", "object_repr": "Avocado Temaki", "action_flag": 2, "change_message": "[{\"changed\": {\"fields\": [\"Image\"]}}]"}}, {"model": "admin.logentry", "pk": 30, "fields": {"action_time": "2023-03-16T19:52:57.792Z", "user": 1, "content_type": 14, "object_id": "19", "object_repr": "Avocado Temaki", "action_flag": 2, "change_message": "[{\"changed\": {\"fields\": [\"Image\", \"Users wishlist\"]}}]"}}, {"model": "admin.logentry", "pk": 31, "fields": {"action_time": "2023-03-16T19:56:18.906Z", "user": 1, "content_type": 14, "object_id": "20", "object_repr": "Ebi Tempura", "action_flag": 2, "change_message": "[{\"changed\": {\"fields\": [\"Image\", \"Users wishlist\"]}}]"}}, {"model": "admin.logentry", "pk": 32, "fields": {"action_time": "2023-03-16T19:56:35.014Z", "user": 1, "content_type": 14, "object_id": "21", "object_repr": "Vegetable Tempura", "action_flag": 2, "change_message": "[{\"changed\": {\"fields\": [\"Image\"]}}]"}}, {"model": "admin.logentry", "pk": 33, "fields": {"action_time": "2023-03-16T19:56:51.796Z", "user": 1, "content_type": 14, "object_id": "22", "object_repr": "Mix Tempura", "action_flag": 2, "change_message": "[{\"changed\": {\"fields\": [\"Image\", \"Users wishlist\"]}}]"}}, {"model": "admin.logentry", "pk": 34, "fields": {"action_time": "2023-03-16T19:57:04.672Z", "user": 1, "content_type": 14, "object_id": "23", "object_repr": "California Roll", "action_flag": 2, "change_message": "[{\"changed\": {\"fields\": [\"Image\"]}}]"}}, {"model": "admin.logentry", "pk": 35, "fields": {"action_time": "2023-03-16T19:57:19.257Z", "user": 1, "content_type": 14, "object_id": "24", "object_repr": "Rainbow Roll", "action_flag": 2, "change_message": "[{\"changed\": {\"fields\": [\"Image\"]}}]"}}, {"model": "admin.logentry", "pk": 36, "fields": {"action_time": "2023-03-16T19:57:32.720Z", "user": 1, "content_type": 14, "object_id": "25", "object_repr": "Alaska Roll", "action_flag": 2, "change_message": "[{\"changed\": {\"fields\": [\"Image\"]}}]"}}, {"model": "admin.logentry", "pk": 37, "fields": {"action_time": "2023-03-16T19:57:47.877Z", "user": 1, "content_type": 14, "object_id": "26", "object_repr": "Shrimp Roll", "action_flag": 2, "change_message": "[{\"changed\": {\"fields\": [\"Image\"]}}]"}}, {"model": "admin.logentry", "pk": 38, "fields": {"action_time": "2023-03-16T19:58:06.025Z", "user": 1, "content_type": 14, "object_id": "27", "object_repr": "Chicken Yaki Soba", "action_flag": 2, "change_message": "[{\"changed\": {\"fields\": [\"Image\"]}}]"}}, {"model": "admin.logentry", "pk": 39, "fields": {"action_time": "2023-03-16T19:58:21.069Z", "user": 1, "content_type": 14, "object_id": "28", "object_repr": "Seafood Maki Soba", "action_flag": 2, "change_message": "[{\"changed\": {\"fields\": [\"Image\"]}}]"}}, {"model": "admin.logentry", "pk": 40, "fields": {"action_time": "2023-03-16T19:58:36.248Z", "user": 1, "content_type": 14, "object_id": "30", "object_repr": "Vegetable Gyoza", "action_flag": 2, "change_message": "[{\"changed\": {\"fields\": [\"Image\", \"Users wishlist\"]}}]"}}, {"model": "admin.logentry", "pk": 41, "fields": {"action_time": "2023-03-16T19:58:48.758Z", "user": 1, "content_type": 14, "object_id": "31", "object_repr": "Chicken Gyoza", "action_flag": 2, "change_message": "[{\"changed\": {\"fields\": [\"Image\", \"Users wishlist\"]}}]"}}, {"model": "admin.logentry", "pk": 42, "fields": {"action_time": "2023-03-16T19:59:10.855Z", "user": 1, "content_type": 14, "object_id": "32", "object_repr": "Edamame", "action_flag": 2, "change_message": "[{\"changed\": {\"fields\": [\"Image\", \"Users wishlist\"]}}]"}}, {"model": "admin.logentry", "pk": 43, "fields": {"action_time": "2023-03-16T19:59:28.733Z", "user": 1, "content_type": 14, "object_id": "33", "object_repr": "Miso Soup", "action_flag": 2, "change_message": "[{\"changed\": {\"fields\": [\"Users wishlist\"]}}]"}}, {"model": "admin.logentry", "pk": 44, "fields": {"action_time": "2023-03-16T20:25:56.585Z", "user": 1, "content_type": 14, "object_id": "26", "object_repr": "Shrimp Roll", "action_flag": 2, "change_message": "[{\"changed\": {\"fields\": [\"Image\"]}}]"}}, {"model": "admin.logentry", "pk": 45, "fields": {"action_time": "2023-03-16T20:31:58.598Z", "user": 1, "content_type": 14, "object_id": "27", "object_repr": "Chicken Yaki Soba", "action_flag": 2, "change_message": "[{\"changed\": {\"fields\": [\"Image\"]}}]"}}, {"model": "admin.logentry", "pk": 46, "fields": {"action_time": "2023-03-16T20:34:16.746Z", "user": 1, "content_type": 14, "object_id": "29", "object_repr": "Vegetable Yaki Soba", "action_flag": 2, "change_message": "[{\"changed\": {\"fields\": [\"Image\"]}}]"}}, {"model": "admin.logentry", "pk": 47, "fields": {"action_time": "2023-03-16T20:37:49.867Z", "user": 1, "content_type": 14, "object_id": "30", "object_repr": "Vegetable Gyoza", "action_flag": 2, "change_message": "[{\"changed\": {\"fields\": [\"Image\"]}}]"}}, {"model": "admin.logentry", "pk": 48, "fields": {"action_time": "2023-03-16T20:40:00.067Z", "user": 1, "content_type": 14, "object_id": "32", "object_repr": "Edamame", "action_flag": 2, "change_message": "[{\"changed\": {\"fields\": [\"Image\"]}}]"}}, {"model": "admin.logentry", "pk": 49, "fields": {"action_time": "2023-03-16T20:41:02.597Z", "user": 1, "content_type": 14, "object_id": "33", "object_repr": "Miso Soup", "action_flag": 2, "change_message": "[{\"changed\": {\"fields\": [\"Image\"]}}]"}}, {"model": "admin.logentry", "pk": 50, "fields": {"action_time": "2023-03-16T20:43:19.273Z", "user": 1, "content_type": 14, "object_id": "24", "object_repr": "Rainbow Roll", "action_flag": 2, "change_message": "[{\"changed\": {\"fields\": [\"Image\"]}}]"}}, {"model": "admin.logentry", "pk": 51, "fields": {"action_time": "2023-03-16T20:44:36.986Z", "user": 1, "content_type": 14, "object_id": "15", "object_repr": "Sashimi Platter", "action_flag": 2, "change_message": "[{\"changed\": {\"fields\": [\"Image\"]}}]"}}, {"model": "admin.logentry", "pk": 52, "fields": {"action_time": "2023-03-16T20:46:24.330Z", "user": 1, "content_type": 14, "object_id": "5", "object_repr": "Tuna Maki", "action_flag": 2, "change_message": "[{\"changed\": {\"fields\": [\"Image\"]}}]"}}, {"model": "admin.logentry", "pk": 53, "fields": {"action_time": "2023-03-16T20:47:09.946Z", "user": 1, "content_type": 14, "object_id": "3", "object_repr": "Suzuki Nigiri Sushi", "action_flag": 2, "change_message": "[{\"changed\": {\"fields\": [\"Image\"]}}]"}}, {"model": "admin.logentry", "pk": 54, "fields": {"action_time": "2023-03-16T20:49:45.468Z", "user": 1, "content_type": 14, "object_id": "10", "object_repr": "Cooked Salmon Mayo & Avocado Maki", "action_flag": 2, "change_message": "[{\"changed\": {\"fields\": [\"Image\"]}}]"}}, {"model": "admin.logentry", "pk": 55, "fields": {"action_time": "2023-03-16T20:50:59.112Z", "user": 1, "content_type": 14, "object_id": "10", "object_repr": "Cooked Salmon Mayo & Avocado Maki", "action_flag": 2, "change_message": "[{\"changed\": {\"fields\": [\"Image\"]}}]"}}, {"model": "admin.logentry", "pk": 56, "fields": {"action_time": "2023-03-16T20:55:20.361Z", "user": 1, "content_type": 14, "object_id": "4", "object_repr": "Avocado Nigiri Sushi", "action_flag": 2, "change_message": "[{\"changed\": {\"fields\": [\"Image\"]}}]"}}, {"model": "admin.logentry", "pk": 57, "fields": {"action_time": "2023-03-16T20:56:14.578Z", "user": 1, "content_type": 14, "object_id": "2", "object_repr": "Sake Nigiri Sushi", "action_flag": 2, "change_message": "[{\"changed\": {\"fields\": [\"Image\"]}}]"}}, {"model": "admin.logentry", "pk": 58, "fields": {"action_time": "2023-03-16T22:06:25.627Z", "user": 1, "content_type": 14, "object_id": "19", "object_repr": "Avocado Temaki", "action_flag": 2, "change_message": "[{\"changed\": {\"fields\": [\"Image\"]}}]"}}, {"model": "admin.logentry", "pk": 59, "fields": {"action_time": "2023-03-17T18:07:31.658Z", "user": 3, "content_type": 14, "object_id": "1", "object_repr": "Maguro Nigiri Sushi", "action_flag": 2, "change_message": "[{\"changed\": {\"fields\": [\"Image\", \"Users wishlist\"]}}]"}}, {"model": "admin.logentry", "pk": 60, "fields": {"action_time": "2023-03-17T18:07:51.385Z", "user": 3, "content_type": 14, "object_id": "2", "object_repr": "Sake Nigiri Sushi", "action_flag": 2, "change_message": "[{\"changed\": {\"fields\": [\"Image\"]}}]"}}, {"model": "admin.logentry", "pk": 61, "fields": {"action_time": "2023-03-17T18:08:22.356Z", "user": 3, "content_type": 14, "object_id": "3", "object_repr": "Suzuki Nigiri Sushi", "action_flag": 2, "change_message": "[{\"changed\": {\"fields\": [\"Image\", \"Users wishlist\"]}}]"}}, {"model": "admin.logentry", "pk": 62, "fields": {"action_time": "2023-03-17T18:08:58.454Z", "user": 3, "content_type": 14, "object_id": "4", "object_repr": "Avocado Nigiri Sushi", "action_flag": 2, "change_message": "[{\"changed\": {\"fields\": [\"Image\", \"Users wishlist\"]}}]"}}, {"model": "admin.logentry", "pk": 63, "fields": {"action_time": "2023-03-17T18:09:10.395Z", "user": 3, "content_type": 14, "object_id": "5", "object_repr": "Tuna Maki", "action_flag": 2, "change_message": "[{\"changed\": {\"fields\": [\"Image\", \"Users wishlist\"]}}]"}}, {"model": "admin.logentry", "pk": 64, "fields": {"action_time": "2023-03-17T18:09:24.196Z", "user": 3, "content_type": 14, "object_id": "6", "object_repr": "Salmon Maki", "action_flag": 2, "change_message": "[{\"changed\": {\"fields\": [\"Image\", \"Users wishlist\"]}}]"}}, {"model": "admin.logentry", "pk": 65, "fields": {"action_time": "2023-03-17T18:09:36.128Z", "user": 3, "content_type": 14, "object_id": "7", "object_repr": "Avocado Maki", "action_flag": 2, "change_message": "[{\"changed\": {\"fields\": [\"Image\", \"Users wishlist\"]}}]"}}, {"model": "admin.logentry", "pk": 66, "fields": {"action_time": "2023-03-17T18:09:51.445Z", "user": 3, "content_type": 14, "object_id": "8", "object_repr": "Tamago (Rolled Egg) Maki", "action_flag": 2, "change_message": "[{\"changed\": {\"fields\": [\"Image\", \"Users wishlist\"]}}]"}}, {"model": "admin.logentry", "pk": 67, "fields": {"action_time": "2023-03-17T18:10:07.785Z", "user": 3, "content_type": 14, "object_id": "9", "object_repr": "Cooked Tuna Mayo & Cheese Maki", "action_flag": 2, "change_message": "[{\"changed\": {\"fields\": [\"Image\", \"Users wishlist\"]}}]"}}, {"model": "admin.logentry", "pk": 68, "fields": {"action_time": "2023-03-17T18:10:19.269Z", "user": 3, "content_type": 14, "object_id": "10", "object_repr": "Cooked Salmon Mayo & Avocado Maki", "action_flag": 2, "change_message": "[{\"changed\": {\"fields\": [\"Image\", \"Users wishlist\"]}}]"}}, {"model": "admin.logentry", "pk": 69, "fields": {"action_time": "2023-03-17T18:10:33.655Z", "user": 3, "content_type": 14, "object_id": "11", "object_repr": "Prawn & Avocado Maki", "action_flag": 2, "change_message": "[{\"changed\": {\"fields\": [\"Image\", \"Users wishlist\"]}}]"}}, {"model": "admin.logentry", "pk": 70, "fields": {"action_time": "2023-03-17T18:10:46.870Z", "user": 3, "content_type": 14, "object_id": "12", "object_repr": "Maguro Sashimi", "action_flag": 2, "change_message": "[{\"changed\": {\"fields\": [\"Image\", \"Users wishlist\"]}}]"}}, {"model": "admin.logentry", "pk": 71, "fields": {"action_time": "2023-03-17T18:11:06.635Z", "user": 3, "content_type": 14, "object_id": "13", "object_repr": "Sake Sashimi", "action_flag": 2, "change_message": "[{\"changed\": {\"fields\": [\"Image\", \"Users wishlist\"]}}]"}}, {"model": "admin.logentry", "pk": 72, "fields": {"action_time": "2023-03-17T18:11:26.144Z", "user": 3, "content_type": 14, "object_id": "14", "object_repr": "Shime Saba Sashimi", "action_flag": 2, "change_message": "[{\"changed\": {\"fields\": [\"Image\", \"Users wishlist\"]}}]"}}, {"model": "admin.logentry", "pk": 73, "fields": {"action_time": "2023-03-17T18:11:42.730Z", "user": 3, "content_type": 14, "object_id": "15", "object_repr": "Sashimi Platter", "action_flag": 2, "change_message": "[{\"changed\": {\"fields\": [\"Image\", \"Users wishlist\"]}}]"}}, {"model": "admin.logentry", "pk": 74, "fields": {"action_time": "2023-03-17T18:11:56.533Z", "user": 3, "content_type": 14, "object_id": "16", "object_repr": "California Temaki", "action_flag": 2, "change_message": "[{\"changed\": {\"fields\": [\"Image\", \"Users wishlist\"]}}]"}}, {"model": "admin.logentry", "pk": 75, "fields": {"action_time": "2023-03-17T18:12:10.938Z", "user": 3, "content_type": 14, "object_id": "17", "object_repr": "Tempura Prawn Temaki", "action_flag": 2, "change_message": "[{\"changed\": {\"fields\": [\"Image\", \"Users wishlist\"]}}]"}}, {"model": "admin.logentry", "pk": 76, "fields": {"action_time": "2023-03-17T18:12:26.991Z", "user": 3, "content_type": 14, "object_id": "18", "object_repr": "Salmon Temaki", "action_flag": 2, "change_message": "[{\"changed\": {\"fields\": [\"Image\", \"Users wishlist\"]}}]"}}, {"model": "admin.logentry", "pk": 77, "fields": {"action_time": "2023-03-17T18:12:38.712Z", "user": 3, "content_type": 14, "object_id": "19", "object_repr": "Avocado Temaki", "action_flag": 2, "change_message": "[{\"changed\": {\"fields\": [\"Image\", \"Users wishlist\"]}}]"}}, {"model": "admin.logentry", "pk": 78, "fields": {"action_time": "2023-03-17T18:12:57.033Z", "user": 3, "content_type": 14, "object_id": "20", "object_repr": "Ebi Tempura", "action_flag": 2, "change_message": "[{\"changed\": {\"fields\": [\"Image\", \"Users wishlist\"]}}]"}}, {"model": "admin.logentry", "pk": 79, "fields": {"action_time": "2023-03-17T18:13:10.671Z", "user": 3, "content_type": 14, "object_id": "21", "object_repr": "Vegetable Tempura", "action_flag": 2, "change_message": "[{\"changed\": {\"fields\": [\"Image\", \"Users wishlist\"]}}]"}}, {"model": "admin.logentry", "pk": 80, "fields": {"action_time": "2023-03-17T18:13:38.340Z", "user": 3, "content_type": 14, "object_id": "22", "object_repr": "Mix Tempura", "action_flag": 2, "change_message": "[{\"changed\": {\"fields\": [\"Image\", \"Users wishlist\"]}}]"}}, {"model": "admin.logentry", "pk": 81, "fields": {"action_time": "2023-03-17T18:13:51.910Z", "user": 3, "content_type": 14, "object_id": "23", "object_repr": "California Roll", "action_flag": 2, "change_message": "[{\"changed\": {\"fields\": [\"Image\", \"Users wishlist\"]}}]"}}, {"model": "admin.logentry", "pk": 82, "fields": {"action_time": "2023-03-17T18:51:09.584Z", "user": 3, "content_type": 14, "object_id": "24", "object_repr": "Rainbow Roll", "action_flag": 2, "change_message": "[{\"changed\": {\"fields\": [\"Users wishlist\"]}}]"}}, {"model": "admin.logentry", "pk": 83, "fields": {"action_time": "2023-03-17T18:51:26.880Z", "user": 3, "content_type": 14, "object_id": "25", "object_repr": "Alaska Roll", "action_flag": 2, "change_message": "[{\"changed\": {\"fields\": [\"Image\", \"Users wishlist\"]}}]"}}, {"model": "admin.logentry", "pk": 84, "fields": {"action_time": "2023-03-17T18:52:07.447Z", "user": 3, "content_type": 14, "object_id": "26", "object_repr": "Shrimp Roll", "action_flag": 2, "change_message": "[{\"changed\": {\"fields\": [\"Image\", \"Users wishlist\"]}}]"}}, {"model": "admin.logentry", "pk": 85, "fields": {"action_time": "2023-03-17T18:52:22.092Z", "user": 3, "content_type": 14, "object_id": "27", "object_repr": "Chicken Yaki Soba", "action_flag": 2, "change_message": "[{\"changed\": {\"fields\": [\"Image\", \"Users wishlist\"]}}]"}}, {"model": "admin.logentry", "pk": 86, "fields": {"action_time": "2023-03-17T18:52:39.210Z", "user": 3, "content_type": 14, "object_id": "28", "object_repr": "Seafood Maki Soba", "action_flag": 2, "change_message": "[{\"changed\": {\"fields\": [\"Image\", \"Users wishlist\"]}}]"}}, {"model": "admin.logentry", "pk": 87, "fields": {"action_time": "2023-03-17T18:53:01.209Z", "user": 3, "content_type": 14, "object_id": "29", "object_repr": "Vegetable Yaki Soba", "action_flag": 2, "change_message": "[{\"changed\": {\"fields\": [\"Image\", \"Users wishlist\"]}}]"}}, {"model": "admin.logentry", "pk": 88, "fields": {"action_time": "2023-03-17T18:53:14.820Z", "user": 3, "content_type": 14, "object_id": "30", "object_repr": "Vegetable Gyoza", "action_flag": 2, "change_message": "[{\"changed\": {\"fields\": [\"Image\", \"Users wishlist\"]}}]"}}, {"model": "admin.logentry", "pk": 89, "fields": {"action_time": "2023-03-17T18:53:27.072Z", "user": 3, "content_type": 14, "object_id": "31", "object_repr": "Chicken Gyoza", "action_flag": 2, "change_message": "[{\"changed\": {\"fields\": [\"Image\", \"Users wishlist\"]}}]"}}, {"model": "admin.logentry", "pk": 90, "fields": {"action_time": "2023-03-17T18:53:38.827Z", "user": 3, "content_type": 14, "object_id": "32", "object_repr": "Edamame", "action_flag": 2, "change_message": "[{\"changed\": {\"fields\": [\"Image\", \"Users wishlist\"]}}]"}}, {"model": "admin.logentry", "pk": 91, "fields": {"action_time": "2023-03-17T18:54:01.866Z", "user": 3, "content_type": 14, "object_id": "33", "object_repr": "Miso Soup", "action_flag": 2, "change_message": "[{\"changed\": {\"fields\": [\"Image\", \"Users wishlist\"]}}]"}}, {"model": "admin.logentry", "pk": 92, "fields": {"action_time": "2023-03-17T18:54:54.437Z", "user": 3, "content_type": 14, "object_id": "24", "object_repr": "Rainbow Roll", "action_flag": 2, "change_message": "[{\"changed\": {\"fields\": [\"Image\"]}}]"}}, {"model": "admin.logentry", "pk": 93, "fields": {"action_time": "2023-03-17T18:56:07.204Z", "user": 3, "content_type": 14, "object_id": "19", "object_repr": "Avocado Temaki", "action_flag": 2, "change_message": "[{\"changed\": {\"fields\": [\"Price\"]}}]"}}, {"model": "admin.logentry", "pk": 94, "fields": {"action_time": "2023-03-18T23:17:40.257Z", "user": 3, "content_type": 20, "object_id": "1", "object_repr": "Douglas Farmers Market", "action_flag": 1, "change_message": "[{\"added\": {}}]"}}, {"model": "admin.logentry", "pk": 95, "fields": {"action_time": "2023-03-18T23:19:57.832Z", "user": 3, "content_type": 20, "object_id": "2", "object_repr": "Mahon Point Farmers’ Market", "action_flag": 1, "change_message": "[{\"added\": {}}]"}}, {"model": "admin.logentry", "pk": 96, "fields": {"action_time": "2023-03-18T23:22:12.888Z", "user": 3, "content_type": 20, "object_id": "3", "object_repr": "Marina Market", "action_flag": 1, "change_message": "[{\"added\": {}}]"}}, {"model": "admin.logentry", "pk": 97, "fields": {"action_time": "2023-03-18T23:23:24.253Z", "user": 3, "content_type": 20, "object_id": "4", "object_repr": "The Black Market", "action_flag": 1, "change_message": "[{\"added\": {}}]"}}, {"model": "admin.logentry", "pk": 98, "fields": {"action_time": "2023-03-18T23:25:34.063Z", "user": 3, "content_type": 20, "object_id": "5", "object_repr": "Ballincollig Farmers' Market", "action_flag": 1, "change_message": "[{\"added\": {}}]"}}, {"model": "admin.logentry", "pk": 99, "fields": {"action_time": "2023-03-18T23:28:41.134Z", "user": 3, "content_type": 20, "object_id": "6", "object_repr": "Cornmarket Street (Coal Quay) Market", "action_flag": 1, "change_message": "[{\"added\": {}}]"}}, {"model": "admin.logentry", "pk": 100, "fields": {"action_time": "2023-03-18T23:30:56.554Z", "user": 3, "content_type": 20, "object_id": "7", "object_repr": "Wilton Farmers Market", "action_flag": 1, "change_message": "[{\"added\": {}}]"}}, {"model": "admin.logentry", "pk": 101, "fields": {"action_time": "2023-03-18T23:32:17.284Z", "user": 3, "content_type": 20, "object_id": "8", "object_repr": "English Market", "action_flag": 1, "change_message": "[{\"added\": {}}]"}}, {"model": "admin.logentry", "pk": 102, "fields": {"action_time": "2023-03-19T00:15:37.054Z", "user": 3, "content_type": 20, "object_id": "2", "object_repr": "Mahon Farmers Market", "action_flag": 2, "change_message": "[{\"changed\": {\"fields\": [\"Name\"]}}]"}}, {"model": "admin.logentry", "pk": 103, "fields": {"action_time": "2023-03-19T00:15:55.262Z", "user": 3, "content_type": 20, "object_id": "5", "object_repr": "Ballincollig Farmers Market", "action_flag": 2, "change_message": "[{\"changed\": {\"fields\": [\"Name\"]}}]"}}, {"model": "admin.logentry", "pk": 104, "fields": {"action_time": "2023-03-19T00:16:13.381Z", "user": 3, "content_type": 20, "object_id": "6", "object_repr": "Cornmarket Street Market", "action_flag": 2, "change_message": "[{\"changed\": {\"fields\": [\"Name\"]}}]"}}, {"model": "admin.logentry", "pk": 105, "fields": {"action_time": "2023-03-19T00:27:01.308Z", "user": 3, "content_type": 20, "object_id": "7", "object_repr": "Wilton Farmers Market", "action_flag": 2, "change_message": "[{\"changed\": {\"fields\": [\"Image\"]}}]"}}, {"model": "admin.logentry", "pk": 106, "fields": {"action_time": "2023-03-19T00:32:12.444Z", "user": 3, "content_type": 20, "object_id": "9", "object_repr": "Neighbour Food", "action_flag": 1, "change_message": "[{\"added\": {}}]"}}, {"model": "admin.logentry", "pk": 107, "fields": {"action_time": "2023-03-19T00:32:31.727Z", "user": 3, "content_type": 20, "object_id": "5", "object_repr": "Ballincollig Farmers Market", "action_flag": 3, "change_message": ""}}, {"model": "admin.logentry", "pk": 108, "fields": {"action_time": "2023-03-19T00:35:19.405Z", "user": 3, "content_type": 20, "object_id": "6", "object_repr": "Cornmarket Street Market", "action_flag": 2, "change_message": "[{\"changed\": {\"fields\": [\"Image\"]}}]"}}, {"model": "auth.permission", "pk": 1, "fields": {"name": "Can add log entry", "content_type": 1, "codename": "add_logentry"}}, {"model": "auth.permission", "pk": 2, "fields": {"name": "Can change log entry", "content_type": 1, "codename": "change_logentry"}}, {"model": "auth.permission", "pk": 3, "fields": {"name": "Can delete log entry", "content_type": 1, "codename": "delete_logentry"}}, {"model": "auth.permission", "pk": 4, "fields": {"name": "Can view log entry", "content_type": 1, "codename": "view_logentry"}}, {"model": "auth.permission", "pk": 5, "fields": {"name": "Can add permission", "content_type": 2, "codename": "add_permission"}}, {"model": "auth.permission", "pk": 6, "fields": {"name": "Can change permission", "content_type": 2, "codename": "change_permission"}}, {"model": "auth.permission", "pk": 7, "fields": {"name": "Can delete permission", "content_type": 2, "codename": "delete_permission"}}, {"model": "auth.permission", "pk": 8, "fields": {"name": "Can view permission", "content_type": 2, "codename": "view_permission"}}, {"model": "auth.permission", "pk": 9, "fields": {"name": "Can add group", "content_type": 3, "codename": "add_group"}}, {"model": "auth.permission", "pk": 10, "fields": {"name": "Can change group", "content_type": 3, "codename": "change_group"}}, {"model": "auth.permission", "pk": 11, "fields": {"name": "Can delete group", "content_type": 3, "codename": "delete_group"}}, {"model": "auth.permission", "pk": 12, "fields": {"name": "Can view group", "content_type": 3, "codename": "view_group"}}, {"model": "auth.permission", "pk": 13, "fields": {"name": "Can add user", "content_type": 4, "codename": "add_user"}}, {"model": "auth.permission", "pk": 14, "fields": {"name": "Can change user", "content_type": 4, "codename": "change_user"}}, {"model": "auth.permission", "pk": 15, "fields": {"name": "Can delete user", "content_type": 4, "codename": "delete_user"}}, {"model": "auth.permission", "pk": 16, "fields": {"name": "Can view user", "content_type": 4, "codename": "view_user"}}, {"model": "auth.permission", "pk": 17, "fields": {"name": "Can add content type", "content_type": 5, "codename": "add_contenttype"}}, {"model": "auth.permission", "pk": 18, "fields": {"name": "Can change content type", "content_type": 5, "codename": "change_contenttype"}}, {"model": "auth.permission", "pk": 19, "fields": {"name": "Can delete content type", "content_type": 5, "codename": "delete_contenttype"}}, {"model": "auth.permission", "pk": 20, "fields": {"name": "Can view content type", "content_type": 5, "codename": "view_contenttype"}}, {"model": "auth.permission", "pk": 21, "fields": {"name": "Can add session", "content_type": 6, "codename": "add_session"}}, {"model": "auth.permission", "pk": 22, "fields": {"name": "Can change session", "content_type": 6, "codename": "change_session"}}, {"model": "auth.permission", "pk": 23, "fields": {"name": "Can delete session", "content_type": 6, "codename": "delete_session"}}, {"model": "auth.permission", "pk": 24, "fields": {"name": "Can view session", "content_type": 6, "codename": "view_session"}}, {"model": "auth.permission", "pk": 25, "fields": {"name": "Can add site", "content_type": 7, "codename": "add_site"}}, {"model": "auth.permission", "pk": 26, "fields": {"name": "Can change site", "content_type": 7, "codename": "change_site"}}, {"model": "auth.permission", "pk": 27, "fields": {"name": "Can delete site", "content_type": 7, "codename": "delete_site"}}, {"model": "auth.permission", "pk": 28, "fields": {"name": "Can view site", "content_type": 7, "codename": "view_site"}}, {"model": "auth.permission", "pk": 29, "fields": {"name": "Can add email address", "content_type": 8, "codename": "add_emailaddress"}}, {"model": "auth.permission", "pk": 30, "fields": {"name": "Can change email address", "content_type": 8, "codename": "change_emailaddress"}}, {"model": "auth.permission", "pk": 31, "fields": {"name": "Can delete email address", "content_type": 8, "codename": "delete_emailaddress"}}, {"model": "auth.permission", "pk": 32, "fields": {"name": "Can view email address", "content_type": 8, "codename": "view_emailaddress"}}, {"model": "auth.permission", "pk": 33, "fields": {"name": "Can add email confirmation", "content_type": 9, "codename": "add_emailconfirmation"}}, {"model": "auth.permission", "pk": 34, "fields": {"name": "Can change email confirmation", "content_type": 9, "codename": "change_emailconfirmation"}}, {"model": "auth.permission", "pk": 35, "fields": {"name": "Can delete email confirmation", "content_type": 9, "codename": "delete_emailconfirmation"}}, {"model": "auth.permission", "pk": 36, "fields": {"name": "Can view email confirmation", "content_type": 9, "codename": "view_emailconfirmation"}}, {"model": "auth.permission", "pk": 37, "fields": {"name": "Can add social account", "content_type": 10, "codename": "add_socialaccount"}}, {"model": "auth.permission", "pk": 38, "fields": {"name": "Can change social account", "content_type": 10, "codename": "change_socialaccount"}}, {"model": "auth.permission", "pk": 39, "fields": {"name": "Can delete social account", "content_type": 10, "codename": "delete_socialaccount"}}, {"model": "auth.permission", "pk": 40, "fields": {"name": "Can view social account", "content_type": 10, "codename": "view_socialaccount"}}, {"model": "auth.permission", "pk": 41, "fields": {"name": "Can add social application", "content_type": 11, "codename": "add_socialapp"}}, {"model": "auth.permission", "pk": 42, "fields": {"name": "Can change social application", "content_type": 11, "codename": "change_socialapp"}}, {"model": "auth.permission", "pk": 43, "fields": {"name": "Can delete social application", "content_type": 11, "codename": "delete_socialapp"}}, {"model": "auth.permission", "pk": 44, "fields": {"name": "Can view social application", "content_type": 11, "codename": "view_socialapp"}}, {"model": "auth.permission", "pk": 45, "fields": {"name": "Can add social application token", "content_type": 12, "codename": "add_socialtoken"}}, {"model": "auth.permission", "pk": 46, "fields": {"name": "Can change social application token", "content_type": 12, "codename": "change_socialtoken"}}, {"model": "auth.permission", "pk": 47, "fields": {"name": "Can delete social application token", "content_type": 12, "codename": "delete_socialtoken"}}, {"model": "auth.permission", "pk": 48, "fields": {"name": "Can view social application token", "content_type": 12, "codename": "view_socialtoken"}}, {"model": "auth.permission", "pk": 49, "fields": {"name": "Can add category", "content_type": 13, "codename": "add_category"}}, {"model": "auth.permission", "pk": 50, "fields": {"name": "Can change category", "content_type": 13, "codename": "change_category"}}, {"model": "auth.permission", "pk": 51, "fields": {"name": "Can delete category", "content_type": 13, "codename": "delete_category"}}, {"model": "auth.permission", "pk": 52, "fields": {"name": "Can view category", "content_type": 13, "codename": "view_category"}}, {"model": "auth.permission", "pk": 53, "fields": {"name": "Can add food", "content_type": 14, "codename": "add_food"}}, {"model": "auth.permission", "pk": 54, "fields": {"name": "Can change food", "content_type": 14, "codename": "change_food"}}, {"model": "auth.permission", "pk": 55, "fields": {"name": "Can delete food", "content_type": 14, "codename": "delete_food"}}, {"model": "auth.permission", "pk": 56, "fields": {"name": "Can view food", "content_type": 14, "codename": "view_food"}}, {"model": "auth.permission", "pk": 57, "fields": {"name": "Can add contact", "content_type": 15, "codename": "add_contact"}}, {"model": "auth.permission", "pk": 58, "fields": {"name": "Can change contact", "content_type": 15, "codename": "change_contact"}}, {"model": "auth.permission", "pk": 59, "fields": {"name": "Can delete contact", "content_type": 15, "codename": "delete_contact"}}, {"model": "auth.permission", "pk": 60, "fields": {"name": "Can view contact", "content_type": 15, "codename": "view_contact"}}, {"model": "auth.permission", "pk": 61, "fields": {"name": "Can add testimonial", "content_type": 16, "codename": "add_testimonial"}}, {"model": "auth.permission", "pk": 62, "fields": {"name": "Can change testimonial", "content_type": 16, "codename": "change_testimonial"}}, {"model": "auth.permission", "pk": 63, "fields": {"name": "Can delete testimonial", "content_type": 16, "codename": "delete_testimonial"}}, {"model": "auth.permission", "pk": 64, "fields": {"name": "Can view testimonial", "content_type": 16, "codename": "view_testimonial"}}, {"model": "auth.permission", "pk": 65, "fields": {"name": "Can add order", "content_type": 17, "codename": "add_order"}}, {"model": "auth.permission", "pk": 66, "fields": {"name": "Can change order", "content_type": 17, "codename": "change_order"}}, {"model": "auth.permission", "pk": 67, "fields": {"name": "Can delete order", "content_type": 17, "codename": "delete_order"}}, {"model": "auth.permission", "pk": 68, "fields": {"name": "Can view order", "content_type": 17, "codename": "view_order"}}, {"model": "auth.permission", "pk": 69, "fields": {"name": "Can add order line item", "content_type": 18, "codename": "add_orderlineitem"}}, {"model": "auth.permission", "pk": 70, "fields": {"name": "Can change order line item", "content_type": 18, "codename": "change_orderlineitem"}}, {"model": "auth.permission", "pk": 71, "fields": {"name": "Can delete order line item", "content_type": 18, "codename": "delete_orderlineitem"}}, {"model": "auth.permission", "pk": 72, "fields": {"name": "Can view order line item", "content_type": 18, "codename": "view_orderlineitem"}}, {"model": "auth.permission", "pk": 73, "fields": {"name": "Can add user profile", "content_type": 19, "codename": "add_userprofile"}}, {"model": "auth.permission", "pk": 74, "fields": {"name": "Can change user profile", "content_type": 19, "codename": "change_userprofile"}}, {"model": "auth.permission", "pk": 75, "fields": {"name": "Can delete user profile", "content_type": 19, "codename": "delete_userprofile"}}, {"model": "auth.permission", "pk": 76, "fields": {"name": "Can view user profile", "content_type": 19, "codename": "view_userprofile"}}, {"model": "auth.permission", "pk": 77, "fields": {"name": "Can add market", "content_type": 20, "codename": "add_market"}}, {"model": "auth.permission", "pk": 78, "fields": {"name": "Can change market", "content_type": 20, "codename": "change_market"}}, {"model": "auth.permission", "pk": 79, "fields": {"name": "Can delete market", "content_type": 20, "codename": "delete_market"}}, {"model": "auth.permission", "pk": 80, "fields": {"name": "Can view market", "content_type": 20, "codename": "view_market"}}, {"model": "auth.user", "pk": 1, "fields": {"password": "pbkdf2_sha256$260000$G0ddalBFJczLqkVdigZvAG$ZGUWcK+N5FTVcxG+yCYg5R814Cx34RBqxQFKndOgk9Q=", "last_login": "2023-03-18T13:24:35.634Z", "is_superuser": true, "username": "Luke", "first_name": "", "last_name": "", "email": "luke@gmail.com", "is_staff": true, "is_active": true, "date_joined": "2023-03-06T15:57:02.443Z", "groups": [], "user_permissions": []}}, {"model": "auth.user", "pk": 2, "fields": {"password": "pbkdf2_sha256$260000$nqMl4W61vDtQOj7NWvFEl5$tW4ZM4D+xh5CHrEAL8kuKquSoQ5XVgYVvYFhWRIw6N4=", "last_login": "2023-03-14T18:38:38.325Z", "is_superuser": false, "username": "Myo07", "first_name": "", "last_name": "", "email": "varir15629@fenwazi.com", "is_staff": false, "is_active": true, "date_joined": "2023-03-06T20:46:36.657Z", "groups": [], "user_permissions": []}}, {"model": "auth.user", "pk": 3, "fields": {"password": "pbkdf2_sha256$260000$MebqeN49SciNS0lJBHLrQm$Kah/omn/d958G5lpzoj9c933a0kNQViNKDbvQ7Aa/uE=", "last_login": "2023-03-18T19:06:11.821Z", "is_superuser": true, "username": "Luke07", "first_name": "", "last_name": "", "email": "", "is_staff": true, "is_active": true, "date_joined": "2023-03-17T17:46:11.664Z", "groups": [], "user_permissions": []}}, {"model": "contenttypes.contenttype", "pk": 1, "fields": {"app_label": "admin", "model": "logentry"}}, {"model": "contenttypes.contenttype", "pk": 2, "fields": {"app_label": "auth", "model": "permission"}}, {"model": "contenttypes.contenttype", "pk": 3, "fields": {"app_label": "auth", "model": "group"}}, {"model": "contenttypes.contenttype", "pk": 4, "fields": {"app_label": "auth", "model": "user"}}, {"model": "contenttypes.contenttype", "pk": 5, "fields": {"app_label": "contenttypes", "model": "contenttype"}}, {"model": "contenttypes.contenttype", "pk": 6, "fields": {"app_label": "sessions", "model": "session"}}, {"model": "contenttypes.contenttype", "pk": 7, "fields": {"app_label": "sites", "model": "site"}}, {"model": "contenttypes.contenttype", "pk": 8, "fields": {"app_label": "account", "model": "emailaddress"}}, {"model": "contenttypes.contenttype", "pk": 9, "fields": {"app_label": "account", "model": "emailconfirmation"}}, {"model": "contenttypes.contenttype", "pk": 10, "fields": {"app_label": "socialaccount", "model": "socialaccount"}}, {"model": "contenttypes.contenttype", "pk": 11, "fields": {"app_label": "socialaccount", "model": "socialapp"}}, {"model": "contenttypes.contenttype", "pk": 12, "fields": {"app_label": "socialaccount", "model": "socialtoken"}}, {"model": "contenttypes.contenttype", "pk": 13, "fields": {"app_label": "foods", "model": "category"}}, {"model": "contenttypes.contenttype", "pk": 14, "fields": {"app_label": "foods", "model": "food"}}, {"model": "contenttypes.contenttype", "pk": 15, "fields": {"app_label": "contact", "model": "contact"}}, {"model": "contenttypes.contenttype", "pk": 16, "fields": {"app_label": "reviews", "model": "testimonial"}}, {"model": "contenttypes.contenttype", "pk": 17, "fields": {"app_label": "order", "model": "order"}}, {"model": "contenttypes.contenttype", "pk": 18, "fields": {"app_label": "order", "model": "orderlineitem"}}, {"model": "contenttypes.contenttype", "pk": 19, "fields": {"app_label": "profiles", "model": "userprofile"}}, {"model": "contenttypes.contenttype", "pk": 20, "fields": {"app_label": "markets", "model": "market"}}, {"model": "sessions.session", "pk": "15dial7xxs0o1gl48whncfjpdy75wyml", "fields": {"session_data": "eyJzYXZlX2luZm8iOmZhbHNlfQ:1pbP6e:1FwCM4Eu5UPtPPgn9uRXLLFTjOrfhyJVp8TybzBj3Kc", "expire_date": "2023-03-26T17:03:36.376Z"}}, {"model": "sessions.session", "pk": "9c9y5jkl01u7yu2g79vx752b1wtv7iih", "fields": {"session_data": ".eJxVjMEOwiAQBf9lz00DhbTA0bvfQIBdLGrAlDbRNP13relBr2_mzQrWLfNol0qTTQgGODS_m3fhRnkHeHX5UtpQ8jwl3-5Ke9DangvS_XS4f4HR1fHz1h65ikworrjUklwIUcrQD5IE0tAFko4p16H2XGjBkAmiOLBIDEPPv9FKtaaSLT0faXqBYQ14V280g1mhA8O37Q3-aESV:1pc85A:cggIAjzt7E4Uhbv8Oa4_99iepZgJLol2g5RrKCAFh0Y", "expire_date": "2023-03-28T17:05:04.023Z"}}, {"model": "sessions.session", "pk": "d8u0sks9yvzsy1nv21hfirtlpasb7koq", "fields": {"session_data": ".eJxVjMsOwiAQRf-FtSG8pLRL934DGZjBogZMaRON8d9tk266Pefc-2W-UWu5Fk_vV54-bBAn5mGZR780mnxGNjDNDixAfFDZBN6h3CqPtcxTDnxL-G4bv1ak52VvDwcjtHFdJ6etkiJKCkZLF5PuE4nOpV5REiAlmrMyaEO0FFaotOgUIHbWgBJOs98fBso-1Q:1pdh15:SecZL4Ln9uWOxdKabxH-V2ojmd8UWxTCgkFr1mAA_Ns", "expire_date": "2023-04-02T00:35:19.548Z"}}, {"model": "sessions.session", "pk": "dsckeuptuiewx4eet2psrt38avlg7w2w", "fields": {"session_data": ".eJxVjEEOwiAQRe_C2hAopIUu3XsGMswMFjVgSptojHfXGhe6_e_99xAB1mUKa-M5ZBKj0GL3u0XAM5cN0AnKsUqsZZlzlJsiv7TJQyW-7L_uX2CCNr3fPpJ2SRmnnbbeMiAma7EfLBvioUO2oBx05KM23ihShjkNKrEi7PUn2ri1XEvg2zXPdzGq5wuaWD-Y:1pdCGL:JRf80luZexsBrM_CXMyN_J-g2yJokGdgZ3RslyPA37o", "expire_date": "2023-03-31T15:45:01.363Z"}}, {"model": "sessions.session", "pk": "dwsrvr3qxoml6oqs83mc0kpcjnx605il", "fields": {"session_data": ".eJxVjMEOgyAQBf9lz40BIQoce-83EGCXSm2gEU3aGP-9mnjxOjPvreBdHWkGs0ILhm83sJVqTSVb-n7S9APDduaWebBLpckmBAMcLsy7MFI-BL5cfpYmlDxPyTdH0py2No-C9L6f7eVgcHXY19ojV5EJxRWXWpILIUoZul6SQOrbQNIx5VrUngstGDJBFHsWiWHoOML2B_4dRJU:1pdJJF:ZYV0_sCXeYkcNeqygILMdrifXqkAST3A7UaqJp_K-g4", "expire_date": "2023-03-31T23:16:29.390Z"}}, {"model": "sessions.session", "pk": "eckgd2mlw56t8bw9hxlete8d9ue2p6wr", "fields": {"session_data": ".eJxVjMsOwiAUBf-FtSG8LpYu3fsNhMdFUANNaRON8d-1SRe6PTNnXsS6dcl27TjbEslIBDn8bt6FG9YNxKurl0ZDq8tcPN0UutNOzy3i_bS7f4Hsev6-kasUvELkqLxxDI32XAU4GqEHaaQEBkqDFMi51kIoAJ8kOBkZM3xIW7Rj76VVi4-pzE8ysvcHYv097A:1paNmD:sXpgPdxSTBch-PUVeEfIrSVXEYPDFQw4zTenJ_4EMm4", "expire_date": "2023-03-23T21:26:17.391Z"}}, {"model": "sessions.session", "pk": "j76jopbqwkh067j6fqelb5n2at039wey", "fields": {"session_data": ".eJxVjMsOwiAUBf_lrhsChZTH0r3fQHhcLGrAlDbRNP13relCt2fmzArWLfNol4aTzREMMOh-N-_CDcsO4tWVSyWhlnnKnuwKOWgj5xrxfjrcv8Do2vh5ax-ZSpQrppjQAl0ISYgwSIE8ouwDCkeV66P2jGtOI-WISdKENIaBfaMNW8u1WHw-8vQCQzvwrt1wBrNCL8GwbXsDQs9EzA:1pc9ax:hyMXaTb_2hH2ltij1zmgJZZCjRJ3dKT0rkRq4_ZiZdQ", "expire_date": "2023-03-28T18:41:59.729Z"}}, {"model": "sessions.session", "pk": "juqt0kzi01jvljgfs5sp4lqxmzye9pgn", "fields": {"session_data": ".eJxVjMsOwiAQRf-FtSG8pLRL934DGZjBogZMaRON8d9tk266Pefc-2W-UWu5Fk_vV54-bBAn5mGZR780mnxGNjDNDixAfFDZBN6h3CqPtcxTDnxL-G4bv1ak52VvDwcjtHFdJ6etkiJKCkZLF5PuE4nOpV5REiAlmrMyaEO0FFaotOgUIHbWgBJOs98fBso-1Q:1pdFFH:STJ-I1MxZ7XwGO8nLNUGMAbZDWSPhWA12hh0UuGhB5A", "expire_date": "2023-03-31T18:56:07.482Z"}}, {"model": "sessions.session", "pk": "kampz5x1gt5ctm5bky3g91lky937oozh", "fields": {"session_data": ".eJxVjEEOwiAQRe_C2hAopIUu3XsGMswMFjVgSptojHfXGhe6_e_99xAB1mUKa-M5ZBKj0GL3u0XAM5cN0AnKsUqsZZlzlJsiv7TJQyW-7L_uX2CCNr3fPpJ2SRmnnbbeMiAma7EfLBvioUO2oBx05KM23ihShjkNKrEi7PUn2ri1XEvg2zXPdzGq5wuaWD-Y:1pb7Rb:inGrtMcA_dM17uVvWogjX8KiuZWBxA4J9kW3IjicgJc", "expire_date": "2023-03-25T22:12:03.932Z"}}, {"model": "sessions.session", "pk": "o4xxjt42wqwv0ohpitrvh1h7xp7f9k99", "fields": {"session_data": ".eJxVjMsOwiAUBf-FtSG8LpYu3fsNhMdFUANNaRON8d-1SRe6PTNnXsS6dcl27TjbEslIBDn8bt6FG9YNxKurl0ZDq8tcPN0UutNOzy3i_bS7f4Hsev6-kasUvELkqLxxDI32XAU4GqEHaaQEBkqDFMi51kIoAJ8kOBkZM3xIW7Rj76VVi4-pzE8ysvcHYv097A:1pbU9o:w7jdLc__EPxE12NNxTu20tIpJ-lusI_7fbJnNojIGbY", "expire_date": "2023-03-26T22:27:12.166Z"}}, {"model": "sessions.session", "pk": "q6qsjtg15hehi405ylg87nfnwn7zxmd3", "fields": {"session_data": ".eJxVjMEOwiAQBf-Fc0OgkBZ69O43kIVdLGrAQGs0xn_XGg96fTNvHszBusxubVRdQjYxybrfzUM4Ud4AHiEfCg8lLzV5vin8SxvfF6Tz7uv-BWZo8_ttPUoThTLSSG01QQhR6zCMmhTS2AfSIAz0aL1UVgkUiiiOIpLAMMhPtFFrqWRHt0uqdzaJjjW4kks5FjYtdaXnCwYMRbw:1pbOEM:sC491xszHGYs_FyJVOcLJCoFoYVRFl0aV-HkhWL5PIA", "expire_date": "2023-03-26T16:07:30.395Z"}}, {"model": "sessions.session", "pk": "rwp913vqs9j8mf2fn2konktdg33e9ngr", "fields": {"session_data": ".eJxVjEEOwiAQRe_C2hAokwIu3XsGMswMUjU0Ke3KeHdt0oVu_3vvv1TCba1p67KkidVZWXX63TLSQ9oO-I7tNmua27pMWe-KPmjX15nleTncv4OKvX7rmNmGYlywwUIEQaICQKMHcSx-IAE0AQeO2broDBsnUrwpYphGy-r9AejmOFs:1pZDTF:HOKENMXn39CaLZpcpFEjPPIJsuuvfZR0hKq9ubgjr0s", "expire_date": "2023-03-20T16:13:53.276Z"}}, {"model": "sessions.session", "pk": "urmqozzgzy6ad91gjit6ka3mn7y06lxn", "fields": {"session_data": ".eJxVjkEOgyAURO_C2hAQosCy-56BfOBTqQ00okkb492rjYt2O2_mZVZiYZkHu1ScbArEEE6a38yBHzEfINwh3wr1Jc9TcvSo0JNWei0BH5ez-ycYoA77WrvAVWRCccWllgjeRyl910sUAfvWowSmoA3acaEFC0wgxp5FZMF3_CutWGsq2eLrmaY3MawhDuqIMzHr_tvwbfsA_mJElA:1pdWcl:xBCbaRILqEAil0wLeUCF9w_GKth1GM9DYxQTcNFts5A", "expire_date": "2023-04-01T13:29:31.094Z"}}, {"model": "sessions.session", "pk": "us9ljrkhv18desrawh9msiwld3lx7kas", "fields": {"session_data": ".eJxVjMsOwiAUBf-FtSG8LpYu3fsNhMdFUANNaRON8d-1SRe6PTNnXsS6dcl27TjbEslIBDn8bt6FG9YNxKurl0ZDq8tcPN0UutNOzy3i_bS7f4Hsev6-kasUvELkqLxxDI32XAU4GqEHaaQEBkqDFMi51kIoAJ8kOBkZM3xIW7Rj76VVi4-pzE8ysvcHYv097A:1pZg7F:ftEsn5u9c5tFUokhgEgXb15Z7kfEnK4SHzjWQb5g9Ng", "expire_date": "2023-03-21T22:49:05.318Z"}}, {"model": "sessions.session", "pk": "ywqtiuc0ykr410pev1lhpb85oowryjry", "fields": {"session_data": ".eJxVjMsOwiAUBf-FtSG8LpYu3fsNhMdFUANNaRON8d-1SRe6PTNnXsS6dcl27TjbEslIBDn8bt6FG9YNxKurl0ZDq8tcPN0UutNOzy3i_bS7f4Hsev6-kasUvELkqLxxDI32XAU4GqEHaaQEBkqDFMi51kIoAJ8kOBkZM3xIW7Rj76VVi4-pzE8ysvcHYv097A:1pbq2P:AlVweYpuj2cg3cqFtHT-LVRcbS2QSID0cCC8Eri12vM", "expire_date": "2023-03-27T21:49:01.609Z"}}, {"model": "sessions.session", "pk": "zkol8ex1oj6le8k6sr1d7rc5xpzpm8er", "fields": {"session_data": ".eJxVjMsOwiAUBf-FtSG8LpYu3fsNhMdFUANNaRON8d-1SRe6PTNnXsS6dcl27TjbEslIBDn8bt6FG9YNxKurl0ZDq8tcPN0UutNOzy3i_bS7f4Hsev6-kasUvELkqLxxDI32XAU4GqEHaaQEBkqDFMi51kIoAJ8kOBkZM3xIW7Rj76VVi4-pzE8ysvcHYv097A:1pb2EV:XMHLOmGkMgOecIY7sM_IyNqJy5RBSkWG_krjOmduiLc", "expire_date": "2023-03-25T16:38:11.057Z"}}, {"model": "sites.site", "pk": 1, "fields": {"domain": "example.com", "name": "example.com"}}, {"model": "account.emailaddress", "pk": 1, "fields": {"user": 1, "email": "luke@gmail.com", "verified": true, "primary": true}}, {"model": "account.emailaddress", "pk": 2, "fields": {"user": 2, "email": "varir15629@fenwazi.com", "verified": true, "primary": true}}, {"model": "foods.category", "pk": 1, "fields": {"name": "nigiri_sushi", "friendly_name": "Nigiri Sushi"}}, {"model": "foods.category", "pk": 2, "fields": {"name": "osomaki", "friendly_name": "Osomaki"}}, {"model": "foods.category", "pk": 3, "fields": {"name": "sashimi", "friendly_name": "Sashimi"}}, {"model": "foods.category", "pk": 4, "fields": {"name": "temaki", "friendly_name": "Temaki"}}, {"model": "foods.category", "pk": 5, "fields": {"name": "tempura", "friendly_name": "Tempura"}}, {"model": "foods.category", "pk": 6, "fields": {"name": "okura_special_roll", "friendly_name": "Okura Special Roll"}}, {"model": "foods.category", "pk": 7, "fields": {"name": "noodles", "friendly_name": "Noodles"}}, {"model": "foods.category", "pk": 8, "fields": {"name": "side_dishes", "friendly_name": "Side Dishes"}}, {"model": "foods.food", "pk": 1, "fields": {"category": 1, "sku": "001", "name": "Maguro Nigiri Sushi", "description": "Sushi rice ball with a slice of tuna - 2pcs", "price": "5.00", "rating": "4.70", "image_url": null, "image": "Maguro-Maki_uolcga8.png", "users_wishlist": [1]}}, {"model": "foods.food", "pk": 2, "fields": {"category": 1, "sku": "002", "name": "Sake Nigiri Sushi", "description": "Sushi rice ball with a slice of salmon - 2pcs", "price": "4.50", "rating": "4.50", "image_url": null, "image": "Shake-Nigiri_iavogT1.jpeg", "users_wishlist": [1]}}, {"model": "foods.food", "pk": 3, "fields": {"category": 1, "sku": "003", "name": "Suzuki Nigiri Sushi", "description": "Sushi rice ball with a slice of sea bass - 2pcs", "price": "4.50", "rating": "4.40", "image_url": null, "image": "NigiriSeaBass_psJ87E7.png", "users_wishlist": [1]}}, {"model": "foods.food", "pk": 4, "fields": {"category": 1, "sku": "004", "name": "Avocado Nigiri Sushi", "description": "TSushi rice ball with a slice of avocado - 2pcs.", "price": "4.00", "rating": "4.70", "image_url": null, "image": "Avocado-Nigir_jnutEfF.jpeg", "users_wishlist": []}}, {"model": "foods.food", "pk": 5, "fields": {"category": 2, "sku": "005", "name": "Tuna Maki", "description": "Small roll cut into 8 pcs.", "price": "8.50", "rating": "3.80", "image_url": null, "image": "Tuna-Maki_9Jr1GS5.png", "users_wishlist": [1]}}, {"model": "foods.food", "pk": 6, "fields": {"category": 2, "sku": "006", "name": "Salmon Maki", "description": "Small roll cut into 8 pcs.", "price": "7.50", "rating": "3.90", "image_url": null, "image": "Salmon-Maki_VbMbgHO.png", "users_wishlist": [1]}}, {"model": "foods.food", "pk": 7, "fields": {"category": 2, "sku": "007", "name": "Avocado Maki", "description": "Small roll cut into 8 pcs.", "price": "6.00", "rating": "4.80", "image_url": null, "image": "Avocado-Maki_qVGlIgu.png", "users_wishlist": [1]}}, {"model": "foods.food", "pk": 8, "fields": {"category": 2, "sku": "008", "name": "Tamago (Rolled Egg) Maki", "description": "Small roll cut into 8 pcs.", "price": "6.50", "rating": "4.40", "image_url": null, "image": "Tamago-Maki_LWMSXrp.png", "users_wishlist": [1]}}, {"model": "foods.food", "pk": 9, "fields": {"category": 2, "sku": "009", "name": "Cooked Tuna Mayo & Cheese Maki", "description": "Small roll cut into 8 pcs.", "price": "8.50", "rating": "4.20", "image_url": null, "image": "CookedTunaMayo_mOnWYuj.png", "users_wishlist": [2]}}, {"model": "foods.food", "pk": 10, "fields": {"category": 2, "sku": "011", "name": "Cooked Salmon Mayo & Avocado Maki", "description": "Small roll cut into 8 pcs.", "price": "8.50", "rating": "3.30", "image_url": null, "image": "CookedSalmonMaki_T0441q8.jpeg", "users_wishlist": [2]}}, {"model": "foods.food", "pk": 11, "fields": {"category": 2, "sku": "012", "name": "Prawn & Avocado Maki", "description": "Small roll cut into 8 pcs.", "price": "8.00", "rating": "4.10", "image_url": null, "image": "PrawnAvocado_SrlmQtZ.png", "users_wishlist": [2]}}, {"model": "foods.food", "pk": 12, "fields": {"category": 3, "sku": "013", "name": "Maguro Sashimi", "description": "4pcs sliced of fresh tuna.", "price": "10.50", "rating": "3.20", "image_url": null, "image": "MaguroSashimi_xfjYI04.png", "users_wishlist": [2]}}, {"model": "foods.food", "pk": 13, "fields": {"category": 3, "sku": "014", "name": "Sake Sashimi", "description": "4pcs sliced of fresh salmon.", "price": "8.50", "rating": "3.60", "image_url": null, "image": "SakeSashimi_tVMWW7l.png", "users_wishlist": [2]}}, {"model": "foods.food", "pk": 14, "fields": {"category": 3, "sku": "015", "name": "Shime Saba Sashimi", "description": "4pcs sliced of pickled mackerel.", "price": "11.50", "rating": "4.10", "image_url": null, "image": "ShimeSaba_NMUr8ER.png", "users_wishlist": [2]}}, {"model": "foods.food", "pk": 15, "fields": {"category": 3, "sku": "016", "name": "Sashimi Platter", "description": "12pcs sliced of best selection of fish.", "price": "20.50", "rating": "3.30", "image_url": null, "image": "sashimi-platter_KWzpr07.jpeg", "users_wishlist": [2]}}, {"model": "foods.food", "pk": 16, "fields": {"category": 4, "sku": "017", "name": "California Temaki", "description": "Hand rolled sushi cone shaped seaweed roll.", "price": "7.00", "rating": "4.40", "image_url": null, "image": "CaliforniaTemaki_UJhjT6s.png", "users_wishlist": [1, 3]}}, {"model": "foods.food", "pk": 17, "fields": {"category": 4, "sku": "018", "name": "Tempura Prawn Temaki", "description": "Hand rolled sushi cone shaped seaweed roll.", "price": "7.50", "rating": "4.90", "image_url": null, "image": "TempuraPrawnTemaki_ksh9vP2.jpeg", "users_wishlist": [3]}}, {"model": "foods.food", "pk": 18, "fields": {"category": 4, "sku": "019", "name": "Salmon Temaki", "description": "Hand rolled sushi cone shaped seaweed roll.", "price": "7.00", "rating": "3.10", "image_url": null, "image": "SalmonTemaki_f8Zrxc7.jpeg", "users_wishlist": [3]}}, {"model": "foods.food", "pk": 19, "fields": {"category": 4, "sku": "020", "name": "Avocado Temaki", "description": "Hand rolled sushi cone shaped seaweed roll.", "price": "7.00", "rating": "4.60", "image_url": null, "image": "AvocadoTemaki_MkNZVFt.jpeg", "users_wishlist": [2]}}, {"model": "foods.food", "pk": 20, "fields": {"category": 5, "sku": "021", "name": "Ebi Tempura", "description": "Deep fried and battered king prawns served with tempura sauce.", "price": "11.00", "rating": "3.90", "image_url": null, "image": "EbiTempura_63U1xZb.webp", "users_wishlist": [2]}}, {"model": "foods.food", "pk": 21, "fields": {"category": 5, "sku": "022", "name": "Vegetable Tempura", "description": "Mixed vegetables in tempura batter.", "price": "10.50", "rating": "3.90", "image_url": null, "image": "VegetableTempura_RDCCKY1.jpeg", "users_wishlist": [2]}}, {"model": "foods.food", "pk": 22, "fields": {"category": 5, "sku": "023", "name": "Mix Tempura", "description": "3 pcs Crispy tempura prawns, 3 pcs fish, 3 pcs vegetables.", "price": "12.50", "rating": "3.30", "image_url": null, "image": "MixTempura_6hBPaOp.jpeg", "users_wishlist": [2]}}, {"model": "foods.food", "pk": 23, "fields": {"category": 6, "sku": "024", "name": "California Roll", "description": "Minced crab stick with mayo, onions, avocado and cucumber topped with fish roe dressing.", "price": "15.00", "rating": "4.30", "image_url": null, "image": "CaliforniaRolls_yzT5GjV.png", "users_wishlist": [2]}}, {"model": "foods.food", "pk": 24, "fields": {"category": 6, "sku": "025", "name": "Rainbow Roll", "description": "Crab stick and avocado with salmon, sea bass, prawn, and tuna on top.", "price": "18.50", "rating": "4.70", "image_url": null, "image": "RainBowRoll_NRcU7Pw.jpeg", "users_wishlist": [3]}}, {"model": "foods.food", "pk": 25, "fields": {"category": 6, "sku": "026", "name": "Alaska Roll", "description": "Salmon, cream cheese, avocado, tuna mayo with prawn roe on top.", "price": "16.50", "rating": "4.10", "image_url": null, "image": "AlaskaRoll_NuFEQDA.jpeg", "users_wishlist": [3]}}, {"model": "foods.food", "pk": 26, "fields": {"category": 6, "sku": "027", "name": "Shrimp Roll", "description": "Tempura shrimp, tuna mayo and crab meat with fish roe, avocado, and salmon on top.", "price": "18.50", "rating": "3.90", "image_url": null, "image": "Shrimp-Sushi_IPRpE1X.jpeg", "users_wishlist": [3]}}, {"model": "foods.food", "pk": 27, "fields": {"category": 7, "sku": "028", "name": "Chicken Yaki Soba", "description": "Stir fried egg noodles with chicken and mixed vegetables.", "price": "15.50", "rating": "4.40", "image_url": null, "image": "ChickenYakiSoba_LzGdUd5.jpeg", "users_wishlist": [2]}}, {"model": "foods.food", "pk": 28, "fields": {"category": 7, "sku": "029", "name": "Seafood Maki Soba", "description": "Stir fried egg noodles with prawn, squid, mussels, fish, and mixed vegetables.", "price": "15.50", "rating": "3.00", "image_url": null, "image": "SeafoodMakiSoba_C9W5blj.jpeg", "users_wishlist": [3]}}, {"model": "foods.food", "pk": 29, "fields": {"category": 7, "sku": "030", "name": "Vegetable Yaki Soba", "description": "Stir fried egg noodles with mixed vegetables.", "price": "13.50", "rating": "3.90", "image_url": null, "image": "VeggieYakiSoba_i12GstX.jpeg", "users_wishlist": [3]}}, {"model": "foods.food", "pk": 30, "fields": {"category": 8, "sku": "031", "name": "Vegetable Gyoza", "description": "Deep fried Japanese dumpling.", "price": "5.00", "rating": "3.90", "image_url": null, "image": "VeggieGyoza_6p1xeI5.jpeg", "users_wishlist": [3]}}, {"model": "foods.food", "pk": 31, "fields": {"category": 8, "sku": "032", "name": "Chicken Gyoza", "description": "Deep fried Japanese dumpling.", "price": "6.00", "rating": "3.90", "image_url": null, "image": "chicken-gyoza_er2pCMj.jpeg", "users_wishlist": [2]}}, {"model": "foods.food", "pk": 32, "fields": {"category": 8, "sku": "033", "name": "Edamame", "description": "Boiled baby soybeans.", "price": "5.00", "rating": "4.20", "image_url": null, "image": "Edamame_L8J3wFN.jpeg", "users_wishlist": [3]}}, {"model": "foods.food", "pk": 33, "fields": {"category": 8, "sku": "034", "name": "Miso Soup", "description": "Tofu, seaweed with white miso.", "price": "5.00", "rating": "4.20", "image_url": null, "image": "MisoSoup_hkIgRrx.jpeg", "users_wishlist": [3]}}, {"model": "contact.contact", "pk": 1, "fields": {"name": "wewwew", "email": "wewewe@gmail.com", "subject": "rerere", "message": "wrerere", "date": "2023-03-14T18:36:12.574Z"}}, {"model": "reviews.testimonial", "pk": 8, "fields": {"name": 1, "body": "ereere", "created_on": "2023-03-18T13:24:40.111Z"}}, {"model": "order.order", "pk": 2, "fields": {"order_number": "E9C2366C2D454B7EBF33B6D18E77A448", "user_profile": null, "full_name": "wwwewewe", "email": "test@gmail.com", "phone_number": "wwewewewe", "country": "US", "postcode": null, "town_or_city": "wewewewewe", "street_address1": "wewewewewe", "street_address2": null, "county": "wewewewewe", "date": "2023-03-06T21:54:17.160Z", "delivery_cost": "1.10", "order_total": "22.00", "grand_total": "23.10", "original_basket": "", "stripe_pid": ""}}, {"model": "order.order", "pk": 3, "fields": {"order_number": "B772BF83281C4D4194CE24563E41EBA1", "user_profile": null, "full_name": "test", "email": "test@gmail.com", "phone_number": "121212121212", "country": "US", "postcode": null, "town_or_city": "121212121212", "street_address1": "121212121212", "street_address2": null, "county": null, "date": "2023-03-06T22:31:13.096Z", "delivery_cost": "1.05", "order_total": "21.00", "grand_total": "22.05", "original_basket": "", "stripe_pid": ""}}, {"model": "order.order", "pk": 4, "fields": {"order_number": "31CC2EEA08D34F67AE71E4CC59DA0296", "user_profile": null, "full_name": "wewew wewewe", "email": "josh90@gmail.com", "phone_number": "1234567890", "country": "BZ", "postcode": null, "town_or_city": "anywhere", "street_address1": "US", "street_address2": null, "county": null, "date": "2023-03-07T21:51:40.160Z", "delivery_cost": "1.00", "order_total": "20.00", "grand_total": "21.00", "original_basket": "", "stripe_pid": ""}}, {"model": "order.order", "pk": 5, "fields": {"order_number": "2380B17BD7DF48739CE31B183775B76E", "user_profile": null, "full_name": "Mario Monni", "email": "wewewewe@dfdfdf.com", "phone_number": "1234567890", "country": "AL", "postcode": null, "town_or_city": "qwqwqwqwqwq", "street_address1": "qqqqqwqwqwqw", "street_address2": null, "county": null, "date": "2023-03-08T21:27:42.676Z", "delivery_cost": "0.55", "order_total": "11.00", "grand_total": "11.55", "original_basket": "{\"20\": 1}", "stripe_pid": "pi_3MjUUwB7V5rl9QGq0AHs1DYe"}}, {"model": "order.order", "pk": 6, "fields": {"order_number": "BA44450F48A749CDA15E9A37529ED22F", "user_profile": null, "full_name": "Mario Monni", "email": "wewewe@fdfdfd.com", "phone_number": "1234567890", "country": "AX", "postcode": null, "town_or_city": "qeqeqeqeqe", "street_address1": "eqeqeqeq", "street_address2": null, "county": null, "date": "2023-03-08T21:29:10.987Z", "delivery_cost": "0.52", "order_total": "10.50", "grand_total": "11.02", "original_basket": "{\"12\": 1}", "stripe_pid": "pi_3MjUXBB7V5rl9QGq0NG5THbp"}}, {"model": "order.order", "pk": 7, "fields": {"order_number": "7AA39691489B436BB3C2AD16120A1088", "user_profile": null, "full_name": "Mario Monni", "email": "ewewew@fdsfsfsdf.com", "phone_number": "123456789", "country": "AX", "postcode": null, "town_or_city": "wewewewe", "street_address1": "weqewewe", "street_address2": null, "county": null, "date": "2023-03-08T21:34:37.710Z", "delivery_cost": "0.35", "order_total": "7.00", "grand_total": "7.35", "original_basket": "{\"16\": 1}", "stripe_pid": "pi_3MjUcbB7V5rl9QGq0WdOV73j"}}, {"model": "order.order", "pk": 8, "fields": {"order_number": "77319C91C6E5462FBDBDD99AABE2A0A6", "user_profile": null, "full_name": "Mario Monni", "email": "wewewe@rewrere.com", "phone_number": "1234567890", "country": "AX", "postcode": null, "town_or_city": "wewewewe", "street_address1": "wewewewew", "street_address2": null, "county": null, "date": "2023-03-08T21:36:50.857Z", "delivery_cost": "0.78", "order_total": "15.50", "grand_total": "16.28", "original_basket": "{\"27\": 1}", "stripe_pid": "pi_3MjUejB7V5rl9QGq0rrxYOok"}}, {"model": "order.order", "pk": 9, "fields": {"order_number": "79E1E6A34DF449F4AC0B49F4FC1A7019", "user_profile": null, "full_name": "Alessandro Scalone", "email": "varir15629@fenwazi.com", "phone_number": "1234567890", "country": "IE", "postcode": null, "town_or_city": "Cork", "street_address1": "Washington Street", "street_address2": null, "county": null, "date": "2023-03-12T14:12:18.821Z", "delivery_cost": "0.82", "order_total": "16.50", "grand_total": "17.32", "original_basket": "{\"21\": 1, \"7\": 1}", "stripe_pid": "pi_3MkpboB7V5rl9QGq0TIwzVlG"}}, {"model": "order.order", "pk": 10, "fields": {"order_number": "109CDCA1ADC24945A57BD8B660159EF6", "user_profile": null, "full_name": "Ale Scalone", "email": "varir15629@fenwazi.com", "phone_number": "+353874352675", "country": "IE", "postcode": null, "town_or_city": "Cork", "street_address1": "Washington Street", "street_address2": null, "county": "Cork", "date": "2023-03-12T14:15:15.812Z", "delivery_cost": "0.52", "order_total": "10.50", "grand_total": "11.02", "original_basket": "{\"12\": 1}", "stripe_pid": "pi_3Mkpf6B7V5rl9QGq09te3H16"}}, {"model": "order.order", "pk": 11, "fields": {"order_number": "1423D7C7295D437DBE9CED63F24C6710", "user_profile": null, "full_name": "Mario Scalone", "email": "varir15629@fenwazi.com", "phone_number": "1234567890", "country": "IE", "postcode": null, "town_or_city": "Cork", "street_address1": "Washington Street", "street_address2": null, "county": null, "date": "2023-03-12T15:28:24.819Z", "delivery_cost": "0.52", "order_total": "10.50", "grand_total": "11.02", "original_basket": "{\"21\": 1}", "stripe_pid": "pi_3Mkqo0B7V5rl9QGq0Z05VYeK"}}, {"model": "order.order", "pk": 12, "fields": {"order_number": "E9604182095D49FCB110CFC51FBD2F56", "user_profile": null, "full_name": "Ale Monni", "email": "varir15629@fenwazi.com", "phone_number": "1234567890", "country": "IE", "postcode": null, "town_or_city": "Cork", "street_address1": "Ciao street", "street_address2": null, "county": null, "date": "2023-03-12T16:07:30.289Z", "delivery_cost": "0.35", "order_total": "7.00", "grand_total": "7.35", "original_basket": "{\"18\": 1}", "stripe_pid": "pi_3MkrQ1B7V5rl9QGq048cJFrt"}}, {"model": "order.order", "pk": 13, "fields": {"order_number": "5EAEFB8E70F14A7885F8350565AFE7DF", "user_profile": null, "full_name": "Test", "email": "test@email.com", "phone_number": "1111111", "country": "IE", "postcode": null, "town_or_city": "Testing", "street_address1": "1 Test St", "street_address2": null, "county": null, "date": "2023-03-12T16:16:28.551Z", "delivery_cost": "0.25", "order_total": "5.00", "grand_total": "5.25", "original_basket": "{\"1\": 1}", "stripe_pid": "pi_3MkrYxB7V5rl9QGq0XpSUzqC"}}, {"model": "order.order", "pk": 14, "fields": {"order_number": "9B7196866DD5453FA01837E90A25F321", "user_profile": null, "full_name": "Test", "email": "test@email.com", "phone_number": "1111111", "country": "AQ", "postcode": null, "town_or_city": "Testing", "street_address1": "1 Test St", "street_address2": null, "county": null, "date": "2023-03-12T16:36:20.003Z", "delivery_cost": "0.55", "order_total": "11.00", "grand_total": "11.55", "original_basket": "{\"20\": 1}", "stripe_pid": "pi_3MkrsLB7V5rl9QGq0nzojUMt"}}, {"model": "order.order", "pk": 15, "fields": {"order_number": "8DC688D09BAF46488C82CEABF5415DCA", "user_profile": null, "full_name": "Test", "email": "test@email.com", "phone_number": "1111111", "country": "AW", "postcode": null, "town_or_city": "Testing", "street_address1": "1 Test St", "street_address2": null, "county": null, "date": "2023-03-12T16:37:38.205Z", "delivery_cost": "0.00", "order_total": "450.00", "grand_total": "450.00", "original_basket": "{\"19\": 1}", "stripe_pid": "pi_3MkrtdB7V5rl9QGq0CvMqNvf"}}, {"model": "order.order", "pk": 16, "fields": {"order_number": "AB86CE64332D48B7993075DAA21E9FE4", "user_profile": null, "full_name": "Test", "email": "test@email.com", "phone_number": "1111111", "country": "DK", "postcode": null, "town_or_city": "Testing", "street_address1": "1 Test St", "street_address2": null, "county": null, "date": "2023-03-12T16:51:55.529Z", "delivery_cost": "1.02", "order_total": "20.50", "grand_total": "21.52", "original_basket": "{\"15\": 1}", "stripe_pid": "pi_3Mks7RB7V5rl9QGq0qpcKawl"}}, {"model": "order.order", "pk": 17, "fields": {"order_number": "8081138180284A45A8DD4A810FA40FBE", "user_profile": null, "full_name": "Test", "email": "test@email.com", "phone_number": "1111111", "country": "DK", "postcode": null, "town_or_city": "Testing", "street_address1": "1 Test St", "street_address2": null, "county": null, "date": "2023-03-12T16:52:01.320Z", "delivery_cost": "1.02", "order_total": "20.50", "grand_total": "21.52", "original_basket": "{\"15\": 1}", "stripe_pid": "pi_3Mks7RB7V5rl9QGq0qpcKawl"}}, {"model": "order.order", "pk": 18, "fields": {"order_number": "6A8AE14BDEE54D1983D31C9DFE40897D", "user_profile": null, "full_name": "Test", "email": "test@email.com", "phone_number": "1111111", "country": "KI", "postcode": null, "town_or_city": "Testing", "street_address1": "1 Test St", "street_address2": null, "county": null, "date": "2023-03-12T17:00:56.197Z", "delivery_cost": "0.30", "order_total": "6.00", "grand_total": "6.30", "original_basket": "{\"7\": 1}", "stripe_pid": "pi_3MksGAB7V5rl9QGq1X5564Dx"}}, {"model": "order.order", "pk": 19, "fields": {"order_number": "41447D03CD804363BA816E5A8CEB0C87", "user_profile": null, "full_name": "Test", "email": "test@email.com", "phone_number": "1111111", "country": "AM", "postcode": null, "town_or_city": "Testing", "street_address1": "1 Test St", "street_address2": null, "county": null, "date": "2023-03-12T17:03:36.318Z", "delivery_cost": "0.35", "order_total": "7.00", "grand_total": "7.35", "original_basket": "{\"18\": 1}", "stripe_pid": "pi_3MksIfB7V5rl9QGq0AorbAAC"}}, {"model": "order.order", "pk": 20, "fields": {"order_number": "E93E1D83C3C84E138F05024DB8B0D125", "user_profile": null, "full_name": "Ale Scalone", "email": "varir15629@fenwazi.com", "phone_number": "123456789", "country": "IE", "postcode": null, "town_or_city": "Cork", "street_address1": "Cork Street", "street_address2": null, "county": null, "date": "2023-03-12T18:33:35.768Z", "delivery_cost": "0.42", "order_total": "8.50", "grand_total": "8.92", "original_basket": "{\"13\": 1}", "stripe_pid": "pi_3MkthAB7V5rl9QGq1cMPiJdN"}}, {"model": "order.order", "pk": 21, "fields": {"order_number": "4A62328E3C5941A8B8EDF00AFCAC5779", "user_profile": null, "full_name": "Ale Scalone", "email": "varir15629@fenwazi.com", "phone_number": "123456789", "country": "IE", "postcode": null, "town_or_city": "Cork", "street_address1": "Cork Street", "street_address2": null, "county": null, "date": "2023-03-12T18:33:41.559Z", "delivery_cost": "0.42", "order_total": "8.50", "grand_total": "8.92", "original_basket": "{\"13\": 1}", "stripe_pid": "pi_3MkthAB7V5rl9QGq1cMPiJdN"}}, {"model": "order.order", "pk": 22, "fields": {"order_number": "2C2CD888AC4949BBB6B8F7ACD2D378A0", "user_profile": null, "full_name": "Ale Scalone", "email": "varir15629@fenwazi.com", "phone_number": "1234567890", "country": "IE", "postcode": null, "town_or_city": "Cork", "street_address1": "Cork Street", "street_address2": null, "county": null, "date": "2023-03-12T18:36:28.686Z", "delivery_cost": "0.35", "order_total": "7.00", "grand_total": "7.35", "original_basket": "{\"18\": 1}", "stripe_pid": "pi_3MktkEB7V5rl9QGq1yApnEI8"}}, {"model": "order.order", "pk": 23, "fields": {"order_number": "902F7B3927754615ADE07951E673334D", "user_profile": null, "full_name": "sdssdsdsd", "email": "varir15629@fenwazi.com", "phone_number": "1234567890", "country": "AL", "postcode": null, "town_or_city": "wewewewe", "street_address1": "wwewewewe", "street_address2": null, "county": null, "date": "2023-03-12T18:38:17.407Z", "delivery_cost": "0.52", "order_total": "10.50", "grand_total": "11.02", "original_basket": "{\"21\": 1}", "stripe_pid": "pi_3Mktm9B7V5rl9QGq0FmOSF4o"}}, {"model": "order.order", "pk": 24, "fields": {"order_number": "1F6924C3938F4A1C8DE0192C870991CA", "user_profile": null, "full_name": "sdssdsdsd", "email": "varir15629@fenwazi.com", "phone_number": "1234567890", "country": "AL", "postcode": null, "town_or_city": "wewewewe", "street_address1": "wwewewewe", "street_address2": null, "county": null, "date": "2023-03-12T18:38:23.171Z", "delivery_cost": "0.52", "order_total": "10.50", "grand_total": "11.02", "original_basket": "{\"21\": 1}", "stripe_pid": "pi_3Mktm9B7V5rl9QGq0FmOSF4o"}}, {"model": "order.order", "pk": 25, "fields": {"order_number": "317318BF1B604014A3E40692B2399BB1", "user_profile": null, "full_name": "Test", "email": "test@email.com", "phone_number": "1111111", "country": "DK", "postcode": null, "town_or_city": "Testing", "street_address1": "1 Test St", "street_address2": null, "county": null, "date": "2023-03-12T19:52:05.116Z", "delivery_cost": "1.02", "order_total": "20.50", "grand_total": "21.52", "original_basket": "{\"15\": 1}", "stripe_pid": "pi_3Mks7RB7V5rl9QGq0qpcKawl"}}, {"model": "order.order", "pk": 26, "fields": {"order_number": "D14F20FEC52A49D885A6B109D9882F2A", "user_profile": null, "full_name": "ererere", "email": "varir15629@fenwazi.com", "phone_number": "1234567890", "country": "AX", "postcode": null, "town_or_city": "dfdfdfdf", "street_address1": "dfdfdfd", "street_address2": null, "county": null, "date": "2023-03-13T16:51:05.796Z", "delivery_cost": "0.22", "order_total": "4.50", "grand_total": "4.72", "original_basket": "{\"2\": 1}", "stripe_pid": "pi_3MlEZVB7V5rl9QGq1es4cLsD"}}, {"model": "order.order", "pk": 27, "fields": {"order_number": "83159A7493EA48D4B9EA7C4E351955E9", "user_profile": 2, "full_name": "ererere", "email": "varir15629@fenwazi.com", "phone_number": "1234567890", "country": "AX", "postcode": null, "town_or_city": "dfdfdfdf", "street_address1": "dfdfdfd", "street_address2": null, "county": null, "date": "2023-03-13T16:51:11.634Z", "delivery_cost": "0.22", "order_total": "4.50", "grand_total": "4.72", "original_basket": "{\"2\": 1}", "stripe_pid": "pi_3MlEZVB7V5rl9QGq1es4cLsD"}}, {"model": "order.orderlineitem", "pk": 2, "fields": {"order": 2, "food": 20, "quantity": 2, "lineitem_total": "22.00"}}, {"model": "order.orderlineitem", "pk": 3, "fields": {"order": 3, "food": 16, "quantity": 3, "lineitem_total": "21.00"}}, {"model": "order.orderlineitem", "pk": 4, "fields": {"order": 4, "food": 1, "quantity": 1, "lineitem_total": "5.00"}}, {"model": "order.orderlineitem", "pk": 5, "fields": {"order": 4, "food": 6, "quantity": 2, "lineitem_total": "15.00"}}, {"model": "order.orderlineitem", "pk": 6, "fields": {"order": 5, "food": 20, "quantity": 1, "lineitem_total": "11.00"}}, {"model": "order.orderlineitem", "pk": 7, "fields": {"order": 6, "food": 12, "quantity": 1, "lineitem_total": "10.50"}}, {"model": "order.orderlineitem", "pk": 8, "fields": {"order": 7, "food": 16, "quantity": 1, "lineitem_total": "7.00"}}, {"model": "order.orderlineitem", "pk": 9, "fields": {"order": 8, "food": 27, "quantity": 1, "lineitem_total": "15.50"}}, {"model": "order.orderlineitem", "pk": 10, "fields": {"order": 9, "food": 21, "quantity": 1, "lineitem_total": "10.50"}}, {"model": "order.orderlineitem", "pk": 11, "fields": {"order": 9, "food": 7, "quantity": 1, "lineitem_total": "6.00"}}, {"model": "order.orderlineitem", "pk": 12, "fields": {"order": 10, "food": 12, "quantity": 1, "lineitem_total": "10.50"}}, {"model": "order.orderlineitem", "pk": 13, "fields": {"order": 11, "food": 21, "quantity": 1, "lineitem_total": "10.50"}}, {"model": "order.orderlineitem", "pk": 14, "fields": {"order": 12, "food": 18, "quantity": 1, "lineitem_total": "7.00"}}, {"model": "order.orderlineitem", "pk": 15, "fields": {"order": 13, "food": 1, "quantity": 1, "lineitem_total": "5.00"}}, {"model": "order.orderlineitem", "pk": 16, "fields": {"order": 14, "food": 20, "quantity": 1, "lineitem_total": "11.00"}}, {"model": "order.orderlineitem", "pk": 17, "fields": {"order": 15, "food": 19, "quantity": 1, "lineitem_total": "450.00"}}, {"model": "order.orderlineitem", "pk": 18, "fields": {"order": 16, "food": 15, "quantity": 1, "lineitem_total": "20.50"}}, {"model": "order.orderlineitem", "pk": 19, "fields": {"order": 17, "food": 15, "quantity": 1, "lineitem_total": "20.50"}}, {"model": "order.orderlineitem", "pk": 20, "fields": {"order": 18, "food": 7, "quantity": 1, "lineitem_total": "6.00"}}, {"model": "order.orderlineitem", "pk": 21, "fields": {"order": 19, "food": 18, "quantity": 1, "lineitem_total": "7.00"}}, {"model": "order.orderlineitem", "pk": 22, "fields": {"order": 20, "food": 13, "quantity": 1, "lineitem_total": "8.50"}}, {"model": "order.orderlineitem", "pk": 23, "fields": {"order": 21, "food": 13, "quantity": 1, "lineitem_total": "8.50"}}, {"model": "order.orderlineitem", "pk": 24, "fields": {"order": 22, "food": 18, "quantity": 1, "lineitem_total": "7.00"}}, {"model": "order.orderlineitem", "pk": 25, "fields": {"order": 23, "food": 21, "quantity": 1, "lineitem_total": "10.50"}}, {"model": "order.orderlineitem", "pk": 26, "fields": {"order": 24, "food": 21, "quantity": 1, "lineitem_total": "10.50"}}, {"model": "order.orderlineitem", "pk": 27, "fields": {"order": 25, "food": 15, "quantity": 1, "lineitem_total": "20.50"}}, {"model": "order.orderlineitem", "pk": 28, "fields": {"order": 26, "food": 2, "quantity": 1, "lineitem_total": "4.50"}}, {"model": "order.orderlineitem", "pk": 29, "fields": {"order": 27, "food": 2, "quantity": 1, "lineitem_total": "4.50"}}, {"model": "profiles.userprofile", "pk": 1, "fields": {"user": 1, "default_phone_number": "+39 3354674456", "default_street_address1": "White Street", "default_street_address2": null, "default_town_or_city": "Cork", "default_county": null, "default_postcode": null, "default_country": "IE"}}, {"model": "profiles.userprofile", "pk": 2, "fields": {"user": 2, "default_phone_number": "1234567890", "default_street_address1": "dfdfdfd", "default_street_address2": null, "default_town_or_city": "dfdfdfdf", "default_county": null, "default_postcode": null, "default_country": "AX"}}, {"model": "profiles.userprofile", "pk": 3, "fields": {"user": 3, "default_phone_number": null, "default_street_address1": null, "default_street_address2": null, "default_town_or_city": null, "default_county": null, "default_postcode": null, "default_country": null}}, {"model": "markets.market", "pk": 1, "fields": {"name": "Douglas Farmers Market", "image": "markets/Douglas.jpeg", "link": "https://www.douglasvillage.ie/farmers-market-at-douglas-village/"}}, {"model": "markets.market", "pk": 2, "fields": {"name": "Mahon Farmers Market", "image": "markets/Mahon.jpeg", "link": "https://mahonpointsc.ie/farmers-market/"}}, {"model": "markets.market", "pk": 3, "fields": {"name": "Marina Market", "image": "markets/MarinaMarket.jpeg", "link": "https://www.marinamarket.ie/"}}, {"model": "markets.market", "pk": 4, "fields": {"name": "The Black Market", "image": "markets/BlackMarket.jpeg", "link": "https://www.theblackmarketcork.ie/"}}, {"model": "markets.market", "pk": 6, "fields": {"name": "Cornmarket Street Market", "image": "markets/CornMarket.jpeg", "link": "https://www.corkcity.ie/en/things-to-do/attractions/cornmarket-street-coal-quay-market/"}}, {"model": "markets.market", "pk": 7, "fields": {"name": "Wilton Farmers Market", "image": "markets/download.jpeg", "link": "https://www.tastecork.ie/food-producers/wilton-farmers-market"}}, {"model": "markets.market", "pk": 8, "fields": {"name": "English Market", "image": "markets/EnglishMarket.webp", "link": "https://www.corkcity.ie/en/english-market/"}}, {"model": "markets.market", "pk": 9, "fields": {"name": "Neighbour Food", "image": "markets/Neighbourfood-cork.jpeg", "link": "https://www.neighbourfood.ie/"}}]